Game,Cover Image
Call of Duty®,https://image.api.playstation.com/vulcan/ap/rnd/202308/1623/ba00d855b4f9061f4f7c294506753f58bf33ac28453a8de4.png
Fortnite,https://image.api.playstation.com/vulcan/ap/rnd/202311/2801/803e41fee0edf8f8ed1de518e6eac60ddf30ac485b9a16a2.png
NBA 2K24,https://image.api.playstation.com/vulcan/ap/rnd/202306/2609/278035a1f94e3a07d4d0f74cd61b987af14a833b65a56cd2.png
Destiny 2,https://image.api.playstation.com/vulcan/ap/rnd/202304/2023/26e6ca6d2f0a245a264308b3474c6efb788a9c6848833425.png
EA SPORTS FC™ 24,https://image.api.playstation.com/vulcan/ap/rnd/202310/0214/c21c0669eaca7f3e02c41cad5e1a20f867aafcf14104f046.png
EA SPORTS™ College Football 25,https://image.api.playstation.com/vulcan/ap/rnd/202405/0218/6d6040594205ce3edbfb049d02f4fb12dd4695e354c47db0.png
Madden NFL 24,https://image.api.playstation.com/vulcan/ap/rnd/202404/1220/e6044031d9a93f63b2ed95b1aae1c7d3239742390982c9d3.png
MLB® The Show™ 24,https://image.api.playstation.com/vulcan/ap/rnd/202401/0519/bd9edd225756f2eac93c02ee66e3fb3df62dfcea02c5564c.png
Grand Theft Auto V (PlayStation®5),https://image.api.playstation.com/vulcan/ap/rnd/202202/2816/K6mmm89oNII1iI1aqaClO0wh.png
MultiVersus,https://image.api.playstation.com/vulcan/ap/rnd/202403/1113/3aff59718d88d1701a462d68c12f8b6d4cac656548d31721.png
Roblox,https://image.api.playstation.com/vulcan/ap/rnd/202309/1519/a8f7812fb2d0139ab7d0103ba945ef15708d30a626ffd5dc.png
Minecraft,https://image.api.playstation.com/gs2-sec/appkgo/prod/CUSA00265_00/8/i_1c2d1812f27ec71285072e191d1822134e4f9730141c88537d87837014a17295/i/icon0.png
ELDEN RING,https://image.api.playstation.com/vulcan/ap/rnd/202107/0902/fS3Hhaq06TqLrbjMVplA8MaY.png
Sea of Thieves,https://image.api.playstation.com/vulcan/ap/rnd/202402/2811/d0338c0adc01bdaf7407068a90b4bf8a865939ce44ae22ac.png
Killer Klowns from Outer Space: The Game,https://image.api.playstation.com/vulcan/ap/rnd/202308/1415/b45d3f6e86101f97814ab1ac33493dcd37a2687b0a130886.png
XDefiant,https://image.api.playstation.com/vulcan/ap/rnd/202405/0223/c9ec13da810fd459ef939297311f8fa9ec9a39de658e2a4f.png
Tom Clancy's Rainbow Six® Siege,https://image.api.playstation.com/vulcan/ap/rnd/202209/0617/eiXonwxcJH00bkGo3G6lUm9t.png
Marvel's Spider-Man 2,https://image.api.playstation.com/vulcan/ap/rnd/202306/1219/1c7b75d8ed9271516546560d219ad0b22ee0a263b4537bd8.png
Honkai: Star Rail,https://image.api.playstation.com/vulcan/ap/rnd/202308/1103/8c3ce3611a4bb187418bb5e24924a055ba33d3046a7aaacb.png
Apex Legends™,https://image.api.playstation.com/vulcan/ap/rnd/202404/1522/b0b76515f9c9a15edc09ab2f5cbcc4c20ef28e7707cd8403.png
HELLDIVERS™ 2,https://image.api.playstation.com/vulcan/ap/rnd/202309/0718/ca77865b4bc8a1ea110fbe1492f7de8f80234dd079fc181a.png
Fallout 76,https://image.api.playstation.com/vulcan/ap/rnd/202402/2918/bee50578d4b5a9e6b2c5e31f89d5833d0f75a6cb90b57dd9.png
WWE 2K24,https://image.api.playstation.com/vulcan/ap/rnd/202401/0902/8ef9ab648b8b46461778764d6942c44a1c485abd7879e7ce.png
Diablo® IV,https://image.api.playstation.com/vulcan/ap/rnd/202405/1307/8b19f95001376d2d07c25fa91d3b6012a3c95ed3b0c8f59d.png
DRAGON BALL XENOVERSE 2,https://image.api.playstation.com/vulcan/ap/rnd/202312/2208/e4b4b4b9bba306e560f5ea1a6ea985692cce579f8b826c0b.png
Rise of the Ronin™,https://image.api.playstation.com/vulcan/ap/rnd/202212/2201/ZfPosZoz1CKZBHTIKUCQRy47.png
EA SPORTS™ Madden NFL 25,https://image.api.playstation.com/vulcan/ap/rnd/202405/0613/2850c1accf0aaaf11ad9a6b3c46e7c7ddb80b4bcc75e8a19.png
Fallout 4,https://image.api.playstation.com/vulcan/ap/rnd/202009/2419/BWMVfyxONkIAlAJVQd96qPuN.png
SILENT HILL 2,https://image.api.playstation.com/vulcan/ap/rnd/202210/2000/IgwsFz9BiBrFvyV7pIWpoVgd.png
Gran Turismo® 7,https://image.api.playstation.com/vulcan/ap/rnd/202109/1321/yZ7dpmjtHr1olhutHT57IFRh.png
F1® 24,https://image.api.playstation.com/vulcan/ap/rnd/202405/3115/d1d84b26c5c2db9cae8157c281163ec9831b8a3162b66aa1.png
Red Dead Redemption 2,https://image.api.playstation.com/gs2-sec/appkgo/prod/CUSA08519_00/12/i_3da1cf7c41dc7652f9b639e1680d96436773658668c7dc3930c441291095713b/i/icon0.png
Mortal Kombat 1,https://image.api.playstation.com/vulcan/ap/rnd/202305/1515/1cc63f4f4b2c9a9852fabefba4ca7eea936b1ef7867811a5.png
Genshin Impact,https://image.api.playstation.com/vulcan/img/rnd/202104/2507/Xdncb153Sz5UZMaF0X944NP5.png
FINAL FANTASY VII REBIRTH,https://image.api.playstation.com/vulcan/ap/rnd/202308/3005/6de6b1c4b0c475b5c28fd2011655ab8206ed846926fa1671.png
Stellar Blade™,https://image.api.playstation.com/vulcan/ap/rnd/202401/2211/40e7cfd126a11fe5118310ebce6d9b3a23e7cabaca717217.png
UFC® 5,https://image.api.playstation.com/vulcan/ap/rnd/202309/0421/418704276d35ce02e8cb532c6ca3826cf866ad2ec66c0b17.png
Dead by Daylight,https://image.api.playstation.com/gs2-sec/appkgo/prod/CUSA08032_00/3/i_1ef7033e599774239b53869b64c7362da504cfec72a2a7ff6bba26eb1121da6f/i/icon0.png
The Elder Scrolls Online,https://image.api.playstation.com/gs2-sec/appkgo/prod/CUSA00086_00/2/i_18928121215ae6ef30051c1885de7d80e82d7f2b15b921f6116217c75197e46d/i/icon0.png
Baldur's Gate 3,https://image.api.playstation.com/vulcan/ap/rnd/202302/2321/ba706e54d68d10a0eb6ab7c36cdad9178c58b7fb7bb03d28.png
Hogwarts Legacy,https://image.api.playstation.com/vulcan/ap/rnd/202011/0919/JmxLZt6exeqcKRz7BSmK8aId.png
God of War Ragnarök,https://image.api.playstation.com/vulcan/ap/rnd/202109/2821/KkIiB8w4CBvZspu6zyzOza3p.png
Assassin's Creed Valhalla,https://image.api.playstation.com/vulcan/ap/rnd/202006/1520/EDtkdijFRwbmGKk1G9lrDoEF.png
Cyberpunk 2077,https://image.api.playstation.com/vulcan/ap/rnd/202202/1517/UyPJCxbE3EoeLtUxjoFBnsD4.png
Call of Duty®: Black Ops III,https://image.api.playstation.com/gs2-sec/appkgo/prod/CUSA02624_00/6/i_c215706b64aaf3a61d26f8496a19ff5e4151fa30f504c8510ff66c7561965ec3/i/icon0.png
Overwatch 2 – Season 10: Venture Forth,https://image.api.playstation.com/vulcan/ap/rnd/202404/2918/6c7e7e5e96ff46e1eaaf7b2b6544f3ce275b649f5dac4471.png
The Sims™ 4,https://image.api.playstation.com/vulcan/img/rnd/202111/3019/oXPtJkwSeNlYon2MqTX9K4sQ.png
Rust Console Edition,https://image.api.playstation.com/vulcan/ap/rnd/202103/1501/enihR6QwSYiWCNl2HdPfV6R6.png
Warframe,https://image.api.playstation.com/vulcan/ap/rnd/202403/2720/573bcecd4cec64d95d2a2d9566f16e5192144856e67e89df.png
War Thunder,https://image.api.playstation.com/vulcan/ap/rnd/202403/1311/2b799faf110b8608204d4a45e2dba0df811a8f9f083db64e.png
Grounded PS4® & PS5®,https://image.api.playstation.com/vulcan/ap/rnd/202404/1120/64a12b89992b8e34ecace3e5c7d1d39b954c2ab1d73de70a.png
STAR WARS Jedi: Survivor™,https://image.api.playstation.com/vulcan/ap/rnd/202211/2222/l8QTN7ThQK3lRBHhB3nX1s7h.png
The Last of Us™ Part II,https://image.api.playstation.com/vulcan/img/rnd/202010/2618/w48z6bzefZPrRcJHc7L8SO66.png
Jujutsu Kaisen Cursed Clash,https://image.api.playstation.com/vulcan/ap/rnd/202310/0400/a5faa770351e138ce73bde9745703459195cf2abaaa25955.png
Rocket League®,https://image.api.playstation.com/vulcan/ap/rnd/202402/1000/b22fc0cb7ab47612882ddc03595d8525f26ffa7c4089e1c2.png
Ghost of Tsushima,https://image.api.playstation.com/vulcan/ap/rnd/202010/0222/niMUubpU9y1PxNvYmDfb8QFD.png
TEKKEN 8,https://image.api.playstation.com/vulcan/ap/rnd/202212/1621/rCvLik1PKDSoCaEvTIx42H3Q.png
World of Warships: Legends,https://image.api.playstation.com/vulcan/ap/rnd/202405/2009/54e01d7d0df96cd5fff714389665f3dc529a7689a61128b1.png
NARUTO TO BORUTO: SHINOBI STRIKER,https://image.api.playstation.com/gs2-sec/appkgo/prod/CUSA08767_00/4/i_6f08e40b1401bb121ef8fbde6fa36f7de6f319c7d4d54c25693705d5323e63d5/i/icon0.png
Skull and Bones™,https://image.api.playstation.com/vulcan/ap/rnd/202206/1518/CXwcR0z8bOWFWrgRLpj9PfsI.png
NHL® 24,https://image.api.playstation.com/vulcan/ap/rnd/202307/2821/61106ad3cf20f98c4edb617b2fa04e748ac8e0071f278d3a.png
The Crew Motorfest,https://image.api.playstation.com/vulcan/ap/rnd/202305/2315/607d9ed1ac762c9de33ef73fd09b3431d0b96ef4985ac2fb.png
Marvel's Spider-Man,https://image.api.playstation.com/vulcan/ap/rnd/202011/0402/C784xeOFo2wViCf4m5bxgoeH.png
Dragon's Dogma 2,https://image.api.playstation.com/vulcan/ap/rnd/202305/3007/2fff756fa904befe46b838dd6f27fa49f6b53d9f3dbbb776.png
V Rising,https://image.api.playstation.com/vulcan/ap/rnd/202402/0115/9e8384d0e664e73faf8ae0e4af2d834074875d9d172b0043.png
Granblue Fantasy: Relink,https://image.api.playstation.com/vulcan/ap/rnd/202308/0403/c72af8212e6bfbe853cb3769b3b6513d0685a497227c23ad.png
FINAL FANTASY XIV Online,https://image.api.playstation.com/vulcan/ap/rnd/202010/1213/6BcV9OY6jfWfT6qEL6bDTOpf.png
ARK: Survival Ascended,https://image.api.playstation.com/vulcan/ap/rnd/202308/3119/62c379ea2d70eeffdaa610992087f7162ceb5d036a49aa9a.png
NBA 2K23,https://image.api.playstation.com/vulcan/ap/rnd/202208/3122/LPx7mwV5n0YAczzjVIjfP3tt.png
The Last of Us™ Part I,https://image.api.playstation.com/vulcan/ap/rnd/202206/0720/eEczyEMDd2BLa3dtkGJVE9Id.png
Persona 3 Reload,https://image.api.playstation.com/vulcan/ap/rnd/202307/2601/85487475426de191c3c100b47ddc61f77c515b513948272e.png
Street Fighter 6,https://image.api.playstation.com/vulcan/ap/rnd/202211/1407/XFU0aPBvtm3W2od1ZvhByAOv.png
Assassin's Creed® Mirage,https://image.api.playstation.com/vulcan/ap/rnd/202208/1718/phwiQjbJddEg979YucUoP3Vr.png
The Texas Chain Saw Massacre,https://image.api.playstation.com/vulcan/ap/rnd/202305/3119/33dfebed10182288fafe731b602fb074924bc554965595d3.png
HITMAN 3,https://image.api.playstation.com/vulcan/ap/rnd/202211/2311/fYILkc93xCbduPbg6oCiXyzK.png
Need for Speed™ Unbound,https://image.api.playstation.com/vulcan/ap/rnd/202209/0913/3CmlwTUjrvYOei0WDNdBsYPp.png
TopSpin 2K25,https://image.api.playstation.com/vulcan/ap/rnd/202403/0618/5eb7a7431f949782b41e96f098f555ad492c2981d1156f18.png
It Takes Two  PS4™ & PS5™,https://image.api.playstation.com/vulcan/ap/rnd/202012/0815/0Xqi1LgRoEtJ5zlFprpd54Vu.png
PGA TOUR 2K23,https://image.api.playstation.com/vulcan/ap/rnd/202207/2201/rhZ9AU0lZ221Km5tlnGcbTaG.png
Farming Simulator 22,https://image.api.playstation.com/vulcan/img/rnd/202107/0508/wg0gD2XINJXeJox3mrYSRoqA.png
Red Dead Redemption,https://image.api.playstation.com/vulcan/ap/rnd/202307/3122/00bd08cf240ede27e4354d3fc7a5b867190df853940366ec.png
Guilty Gear -Strive-,https://image.api.playstation.com/vulcan/img/rnd/202101/2010/qE8bOi1sF4TMVuUJxESUDU2G.png
Assassin’s Creed Shadows,https://image.api.playstation.com/vulcan/ap/rnd/202404/1815/e67713e008d1cdb83ebf71916c193a5c03ae7e12b85133d2.png
Dead Space,https://image.api.playstation.com/vulcan/ap/rnd/202210/2113/ZqpcW1r97RADDwHsYz2q2VaK.png
LEGO® Star Wars™: The Skywalker Saga,https://image.api.playstation.com/vulcan/ap/rnd/202112/2121/qrpfY71rsvMn6beyjgStw3cH.png
Brawlhalla,https://image.api.playstation.com/gs2-sec/appkgo/prod/CUSA05330_00/1/i_83a632b0dda5bdfda82b0342b3933a2b10c28aa4408b4179b9a011886698e293/i/icon0.png
For Honor,https://image.api.playstation.com/vulcan/ap/rnd/202402/2815/934a3852ebc9f2e2aec3421cf7ce5e31ad0aeb3cabcd349c.png
Tower of Fantasy,https://image.api.playstation.com/vulcan/ap/rnd/202405/2408/cb0cd1b8f5ccbc33dac2ae2d86a948f03dec1a645e5fa124.png
Alan Wake 2,https://image.api.playstation.com/vulcan/ap/rnd/202305/2420/c3daf3037feb797d9e71b81618e3b5ff3ff1f9609db5a4a2.png
Call of Duty®: Black Ops Cold War,https://image.api.playstation.com/vulcan/ap/rnd/202112/0618/cFLNC3xYfEdDl7D1Wvu4MVb1.png
Suicide Squad: Kill the Justice League,https://image.api.playstation.com/vulcan/ap/rnd/202403/2615/053c29b29ac835b8102ab3214a2744ec7f31312814f6a0fe.png
Lies of P,https://image.api.playstation.com/vulcan/ap/rnd/202305/2308/06b354c8015b3c71e54f43aa883aab4641285d4a91734681.png
MLB® The Show™ 23,https://image.api.playstation.com/vulcan/ap/rnd/202301/2100/ksGvOUolBKzauHyiPalnLUKN.png
Avatar: Frontiers of Pandora™,https://image.api.playstation.com/vulcan/ap/rnd/202306/0113/38ad0cc5b92af440d46ccebf5d1f271213d656684fce3385.png
The Outlast Trials,https://image.api.playstation.com/vulcan/ap/rnd/202310/0422/d0127fa244033683db7591e0dc79756eac4f8e08299df74b.png
Dead Island 2,https://image.api.playstation.com/vulcan/ap/rnd/202208/1012/V6WJkRhfNIQ3ePfAmrLSfGng.png
Who's Your Daddy?!,https://image.api.playstation.com/vulcan/ap/rnd/202303/3116/b60921f62a2322728bec6abd7ca23ba5796e089034680e0e.png
theHunter: Call of the Wild,https://image.api.playstation.com/gs2-sec/appkgo/prod/CUSA08368_00/4/i_05034add1b438ea13fe506bcae383f189eca060827c418141e8505dbcf18ad13/i/icon0.png
MY HERO ULTRA RUMBLE,https://image.api.playstation.com/vulcan/ap/rnd/202311/0722/cc33a7768bb575a15c1f0f6cdbdbd1e79aae1267f031c339.png
Another Crab’s Treasure,https://image.api.playstation.com/vulcan/ap/rnd/202401/0301/30aac0dabbd3e8a390d7b5a75bc558e7f593e09765034080.png
Battlefield™ 2042,https://image.api.playstation.com/vulcan/ap/rnd/202106/0117/I558OkMNBieAq24dzWwjjE4K.png
FINAL FANTASY XVI,https://image.api.playstation.com/vulcan/ap/rnd/202211/3007/lgFVhRm5BfoX02pRUt3lSmLV.png
Resident Evil 4,https://image.api.playstation.com/vulcan/ap/rnd/202207/2509/85p2Dwh5iDhUzRKe40QeNYh3.png
Assassin's Creed® Odyssey,https://image.api.playstation.com/gs2-sec/appkgo/prod/CUSA09303_00/3/i_d6b485c473b4b3d739197a5f020aeb7428f69d6c29e0dda514f6db41916dc3b6/i/icon0.png
Jurassic World Evolution 2,https://image.api.playstation.com/vulcan/ap/rnd/202107/2708/WZhQmSMCGEJgLHhnikOcuMnu.png
Zenless Zone Zero,https://image.api.playstation.com/vulcan/ap/rnd/202405/2210/28867e1a0757cd5b7b6eff2315351a9307a78f3b8c4b9a7f.png
NARUTO X BORUTO Ultimate Ninja STORM CONNECTIONS,https://image.api.playstation.com/vulcan/ap/rnd/202302/2407/ea5dc84380832b4790178dcc68e408afd8f28f2d318b5ea6.png
Undisputed,https://image.api.playstation.com/vulcan/ap/rnd/202404/2409/3c1a52a8c2497b76cbd89813c9f8f0abe5d224a23fbc29ad.png
MX vs ATV Legends,https://image.api.playstation.com/vulcan/ap/rnd/202109/0617/aoB4tTKfHrP1Z6dMlirYfTek.png
"Warhammer 40,000: Space Marine 2",https://image.api.playstation.com/vulcan/ap/rnd/202212/0711/MKweDX2LQpXiPcU6Jitg9KAg.png
World of Tanks Modern Armor,https://image.api.playstation.com/vulcan/ap/rnd/202405/1618/4e3a3aea080bc8a67ca870ceb6a4f3d0cb7533f86334e84e.png
eFootball™ 2024,https://image.api.playstation.com/vulcan/ap/rnd/202404/1506/1006aed1a6eff384259f3dcf31a37674ba9cf106bd13a075.png
The Elder Scrolls V: Skyrim Special Edition,https://image.api.playstation.com/vulcan/ap/rnd/202009/2818/FuG72QFUf4aRYbSBAMNH2xwm.png
Disney Dreamlight Valley,https://image.api.playstation.com/vulcan/ap/rnd/202204/0521/AE2i8UIeHoeCre6lo47PnnfL.png
Planet Zoo: Console Edition,https://image.api.playstation.com/vulcan/ap/rnd/202401/1212/3e9face5939ff74cb52fc44508cd42d0481d85f3612a09e9.png
System Shock,https://image.api.playstation.com/vulcan/ap/rnd/202310/0514/0e06c77172e9da2e3546c9ed4007a20fdc892cb31225145a.png
DRAGON BALL Z: KAKAROT,https://image.api.playstation.com/gs2-sec/appkgo/prod/CUSA14835_00/3/i_ccd05c92612de5e47b057adf385a52d009477d50172352893034c19d2513943b/i/icon0.png
FAR CRY®6,https://image.api.playstation.com/vulcan/img/rnd/202106/1514/xqoTYwf0S55ro6fwcIIY1KI4.png
EA SPORTS™ PGA TOUR™,https://image.api.playstation.com/vulcan/ap/rnd/202212/1310/GFLsfwBt7faG9b9WsIwDRrad.png
Hell Let Loose,https://image.api.playstation.com/vulcan/ap/rnd/202404/1108/df1b8c36a8d20cf5d28b04be7f0d9e7035f8ec9c07a6b19f.png
